{
    "modpackName": "Mooglian Madness",
    "modpackVersion": "1.5.1",
    "totalNewMods": 2,
    "totalUpdatedMods": 13,
    "totalRemovedMods": 7,
    "totalConfigChanges": 1,
    "mods": {
        "updated": [
            {
                "oldFilename": "supplementaries-1.21-3.1.1-fabric.jar",
                "newFilename": "supplementaries-1.21-3.1.3-fabric.jar"
            },
            {
                "oldFilename": "azurelibarmor-fabric-1.21.1-3.0.4.jar",
                "newFilename": "azurelibarmor-fabric-1.21.1-3.0.5.jar"
            },
            {
                "oldFilename": "azurelib-fabric-1.21.1-3.0.10.jar",
                "newFilename": "azurelib-fabric-1.21.1-3.0.11.jar"
            },
            {
                "oldFilename": "bookshelf-fabric-1.21.1-21.1.50.jar",
                "newFilename": "bookshelf-fabric-1.21.1-21.1.52.jar"
            },
            {
                "oldFilename": "Emojiful-Fabric-1.21-5.1.5.jar",
                "newFilename": "Emojiful-Fabric-1.21-5.2.0.jar"
            },
            {
                "oldFilename": "Iceberg-1.21.1-fabric-1.2.9.2.jar",
                "newFilename": "Iceberg-1.21.1-fabric-1.3.1.jar"
            },
            {
                "oldFilename": "ImmediatelyFast-Fabric-1.6.4+1.21.1.jar",
                "newFilename": "ImmediatelyFast-Fabric-1.6.5+1.21.1.jar"
            },
            {
                "oldFilename": "moonlight-1.21-2.18.2-fabric.jar",
                "newFilename": "moonlight-1.21-2.18.4-fabric.jar"
            },
            {
                "oldFilename": "relics-1.0.2+1.21.1.jar",
                "newFilename": "relics-1.0.3+1.21.1.jar"
            },
            {
                "oldFilename": "resourcefulconfig-fabric-1.21-3.0.10.jar",
                "newFilename": "resourcefulconfig-fabric-1.21-3.0.9.jar"
            },
            {
                "oldFilename": "sodium-fabric-0.6.9+mc1.21.1.jar",
                "newFilename": "sodium-fabric-0.6.13+mc1.21.1.jar"
            },
            {
                "oldFilename": "spell_engine-1.6.2+1.21.1.jar",
                "newFilename": "spell_engine-1.6.3+1.21.1.jar"
            },
            {
                "oldFilename": "villagerinabucket-fabric-1.21.1-1.1.0.jar",
                "newFilename": "villagerinabucket-fabric-1.21.1-1.1.1.jar"
            }
        ],
        "removed": [
            "dragonscale-0.0.2-1.21.1.jar",
            "dragonsteel-0.0.3-1.21.1.jar",
            "more_jewels-0.0.2-1.21.1.jar",
            "more_spell_attributes-0.0.7-1.21.1.jar",
            "morerunesmod-0.0.2-1.21.1.jar",
            "tctimod-0.0.8-1.21.1.jar",
            "tdacmod-0.0.2-1.21.1.jar"
        ],
        "added": [
            "arsenal-1.0.1+1.21.1.jar",
            "ShieldAPI-2.0.2+1.21.1.jar"
        ]
    },
    "configs": [
        "modpack-update-checker/config.json"
    ]
}