{
    "modpackName": "Mooglian Madness",
    "modpackVersion": "1.5.9",
    "totalNewMods": 0,
    "totalUpdatedMods": 24,
    "totalRemovedMods": 0,
    "totalConfigChanges": 1,
    "mods": {
      "updated": [
        {
          "oldFilename": "archers-2.4.9+1.21.1.jar",
          "newFilename": "archers-2.4.10+1.21.1.jar"
        },
        {
          "oldFilename": "arsenal-1.0.1+1.21.1.jar",
          "newFilename": "arsenal-1.0.2+1.21.1.jar"
        },
        {
          "oldFilename": "bettercombat-fabric-2.1.5+1.21.1.jar",
          "newFilename": "bettercombat-fabric-2.1.6+1.21.1.jar"
        },
        {
          "oldFilename": "Camerapture-1.10.0+mc1.21.1-fabric.jar",
          "newFilename": "Camerapture-1.10.1+mc1.21.1-fabric.jar"
        },
        {
          "oldFilename": "combat_roll-fabric-2.0.3+1.21.1.jar",
          "newFilename": "combat_roll-fabric-2.0.4+1.21.1.jar"
        },
        {
          "oldFilename": "DoggyTalentsNext[Fabric]-1.21.1-1.18.48.jar",
          "newFilename": "DoggyTalentsNext[Fabric]-1.21.1-1.18.49.jar"
        },
        {
          "oldFilename": "EuphoriaPatcher-1.5.2-r5.4-fabric.jar",
          "newFilename": "EuphoriaPatcher-1.6.1-r5.5.1-fabric.jar"
        },
        {
          "oldFilename": "FarmersDelight-1.21.1-3.0.1+refabricated.jar",
          "newFilename": "FarmersDelight-1.21.1-3.0.3+refabricated.jar"
        },
        {
          "oldFilename": "forcemaster-class-mod-2.4.2-1.21.jar",
          "newFilename": "forcemaster-class-mod-2.4.3-1.21.jar"
        },
        {
          "oldFilename": "Jade-1.21.1-Fabric-15.10.0.jar",
          "newFilename": "Jade-1.21.1-Fabric-15.10.1.jar"
        },
        {
          "oldFilename": "jewelry-2.0.9+1.21.1.jar",
          "newFilename": "jewelry-2.0.10+1.21.1.jar"
        },
        {
          "oldFilename": "Luckys-Cozyhome-Refurnished-1.1.12.jar",
          "newFilename": "Luckys-Cozyhome-Refurnished-1.1.14.jar"
        },
        {
          "oldFilename": "mcw-roofs-2.3.1-mc1.21.1fabric.jar",
          "newFilename": "mcw-roofs-2.3.2-mc1.21.1fabric.jar"
        },
        {
          "oldFilename": "oritech-fabric-0.15.1.jar",
          "newFilename": "oritech-fabric-0.15.2.jar"
        },
        {
          "oldFilename": "paladins-2.4.10+1.21.1.jar",
          "newFilename": "paladins-2.4.11+1.21.1.jar"
        },
        {
          "oldFilename": "PuzzlesLib-v21.1.34-1.21.1-Fabric.jar",
          "newFilename": "PuzzlesLib-v21.1.36-1.21.1-Fabric.jar"
        },
        {
          "oldFilename": "ranged_weapon_api-2.0.5+1.21.1.jar",
          "newFilename": "ranged_weapon_api-2.1.0+1.21.1.jar"
        },
        {
          "oldFilename": "relics-1.0.3+1.21.1.jar",
          "newFilename": "relics-1.0.4+1.21.1.jar"
        },
        {
          "oldFilename": "rogues-2.4.8+1.21.1.jar",
          "newFilename": "rogues-2.4.9+1.21.1.jar"
        },
        {
          "oldFilename": "runes-1.1.2+1.21.1.jar",
          "newFilename": "runes-1.1.3+1.21.1.jar"
        },
        {
          "oldFilename": "spell_engine-1.6.8+1.21.1.jar",
          "newFilename": "spell_engine-1.6.9+1.21.1.jar"
        },
        {
          "oldFilename": "spell_power-1.2.3+1.21.1.jar",
          "newFilename": "spell_power-1.3.0+1.21.1.jar"
        },
        {
          "oldFilename": "wizards-2.4.8+1.21.1.jar",
          "newFilename": "wizards-2.4.9+1.21.1.jar"
        },
        {
          "oldFilename": "YungsApi-1.21.1-Fabric-5.1.4.jar",
          "newFilename": "YungsApi-1.21.1-Fabric-5.1.5.jar"
        }
      ],
      "removed": [],
      "added": []
    },
    "configs": [
      "modpack-update-checker/config.json"
    ]
  }