{
    "modpackName": "Mooglian Madness",
    "modpackVersion": "1.3.3",
    "totalNewMods": 0,
    "totalUpdatedMods": 17,
    "totalRemovedMods": 0,
    "totalConfigChanges": 1,
    "mods": {
        "updated": [
            {
                "oldFilename": "accessories-fabric-1.1.0-beta.26+1.21.1.jar",
                "newFilename": "accessories-fabric-1.1.0-beta.27+1.21.1.jar"
            },
            {
                "oldFilename": "azurelib-fabric-1.21.1-3.0.7.jar",
                "newFilename": "azurelib-fabric-1.21.1-3.0.8.jar"
            },
            {
                "oldFilename": "balm-fabric-1.21.1-21.0.23.jar",
                "newFilename": "balm-fabric-1.21.1-21.0.26.jar"
            },
            {
                "oldFilename": "Camerapture-1.9.0+mc1.21.1-fabric.jar",
                "newFilename": "Camerapture-1.9.1+mc1.21.1-fabric.jar"
            },
            {
                "oldFilename": "cc-tweaked-1.21.1-fabric-1.114.4.jar",
                "newFilename": "cc-tweaked-1.21.1-fabric-1.114.5.jar"
            },
            {
                "oldFilename": "chococraft-1.21.1-fabric-0.11.9.jar",
                "newFilename": "chococraft-1.21.1-fabric-0.11.10.jar"
            },
            {
                "oldFilename": "FarmersDelight-1.21.1-2.2.8+refabricated.jar",
                "newFilename": "FarmersDelight-1.21.1-2.2.9+refabricated.jar"
            },
            {
                "oldFilename": "ftb-library-fabric-2101.1.8.jar",
                "newFilename": "ftb-library-fabric-2101.1.9.jar"
            },
            {
                "oldFilename": "ftb-quests-fabric-2101.1.4.jar",
                "newFilename": "ftb-quests-fabric-2101.1.5.jar"
            },
            {
                "oldFilename": "jeed-1.21-2.2.13-fabric.jar",
                "newFilename": "jeed-1.21-2.2.15-fabric.jar"
            },
            {
                "oldFilename": "libIPN-fabric-1.21-6.2.1.jar",
                "newFilename": "libIPN-fabric-1.21-6.3.1.jar"
            },
            {
                "oldFilename": "moreculling-fabric-1.21.1-1.0.3.jar",
                "newFilename": "moreculling-fabric-1.21.1-1.0.4.jar"
            },
            {
                "oldFilename": "polytone-1.21-3.2.6-fabric.jar",
                "newFilename": "polytone-1.21-3.2.8-fabric.jar"
            },
            {
                "oldFilename": "sodium-fabric-0.6.5+mc1.21.1.jar",
                "newFilename": "sodium-fabric-0.6.7+mc1.21.1.jar"
            },
            {
                "oldFilename": "spell_power-1.1.2+1.21.1.jar",
                "newFilename": "spell_power-1.2.0+1.21.1.jar"
            },
            {
                "oldFilename": "aether-1.21.1-1.5.3-fabric.jar",
                "newFilename": "aether-1.21.1-1.5.4-fabric.jar"
            },
            {
                "oldFilename": "travelersbackpack-fabric-1.21.1-10.1.11.jar",
                "newFilename": "travelersbackpack-fabric-1.21.1-10.1.13.jar"
            }
        ],
        "removed": [],
        "added": []
    },
    "configs": [
        "modpack-update-checker/config.json"
    ]
}