{
    "modpackName": "Mooglian Madness",
    "modpackVersion": "1.3.2",
    "totalNewMods": 0,
    "totalUpdatedMods": 1,
    "totalRemovedMods": 0,
    "totalConfigChanges": 1,
    "mods": {
        "updated": [
            {
                "oldFilename": "waterframes-FABRIC-mc1.21.1-v2.1.7.jar",
                "newFilename": "waterframes-FABRIC-mc1.21.1-v2.1.7-fixed.jar"
            }
        ],
        "removed": [],
        "added": []
    },
    "configs": [
        "modpack-update-checker/config.json"
    ]
}