{
    "modpackName": "Mooglian Madness",
    "modpackVersion": "1.5.8",
    "totalNewMods": 7,
    "totalUpdatedMods": 19,
    "totalRemovedMods": 1,
    "totalConfigChanges": 1,
    "mods": {
        "updated": [
            {
                "oldFilename": "DungeonsArise-1.21.x-2.1.60-fabric-release.jar",
                "newFilename": "DungeonsArise-1.21.1-2.1.64-fabric-release.jar"
            },
            {
                "oldFilename": "spell_engine-1.6.7+1.21.1.jar",
                "newFilename": "spell_engine-1.6.8+1.21.1.jar"
            },
            {
                "oldFilename": "supplementaries-1.21-3.1.7-fabric.jar",
                "newFilename": "supplementaries-1.21-3.1.8-fabric.jar"
            },
            {
                "oldFilename": "wizards-2.4.7+1.21.1.jar",
                "newFilename": "wizards-2.4.8+1.21.1.jar"
            },
            {
                "oldFilename": "ftb-library-fabric-2101.1.12.jar",
                "newFilename": "ftb-library-fabric-2101.1.13.jar"
            },
            {
                "oldFilename": "jewelry-2.0.8+1.21.1.jar",
                "newFilename": "jewelry-2.0.9+1.21.1.jar"
            },
            {
                "oldFilename": "moonlight-1.21-2.18.12-fabric.jar",
                "newFilename": "moonlight-1.21-2.18.13-fabric.jar"
            },
            {
                "oldFilename": "oritech-fabric-0.14.5.jar",
                "newFilename": "oritech-fabric-0.15.1.jar"
            },
            {
                "oldFilename": "paladins-2.4.9+1.21.1.jar",
                "newFilename": "paladins-2.4.10+1.21.1.jar"
            },
            {
                "oldFilename": "PuzzlesLib-v21.1.33-1.21.1-Fabric.jar",
                "newFilename": "PuzzlesLib-v21.1.34-1.21.1-Fabric.jar"
            },
            {
                "oldFilename": "resourcefulconfig-fabric-1.21-3.0.9.jar",
                "newFilename": "resourcefulconfig-fabric-1.21-3.0.11.jar"
            },
            {
                "oldFilename": "rogues-2.4.7+1.21.1.jar",
                "newFilename": "rogues-2.4.8+1.21.1.jar"
            },
            {
                "oldFilename": "archers-2.4.8+1.21.1.jar",
                "newFilename": "archers-2.4.9+1.21.1.jar"
            },
            {
                "oldFilename": "archers-expansion-1.3.1-1.21.1.jar",
                "newFilename": "archers-expansion-1.3.2-1.21.1.jar"
            },
            {
                "oldFilename": "berserker-class-mod-2.4.1-1.21.jar",
                "newFilename": "berserker-class-mod-2.4.3-1.21.jar"
            },
            {
                "oldFilename": "bookshelf-fabric-1.21.1-21.1.58.jar",
                "newFilename": "bookshelf-fabric-1.21.1-21.1.59.jar"
            },
            {
                "oldFilename": "combat_roll-fabric-2.0.2+1.21.1.jar",
                "newFilename": "combat_roll-fabric-2.0.3+1.21.1.jar"
            },
            {
                "oldFilename": "forcemaster-class-mod-2.4.1-1.21.jar",
                "newFilename": "forcemaster-class-mod-2.4.2-1.21.jar"
            },
            {
                "oldFilename": "emotecraft-for-MC1.21.1-2.4.9-fabric.jar",
                "newFilename": "emotecraft-for-MC1.21.1-2.4.10-fabric.jar"
            }

        ],
        "removed": [
            "spell_engine-1.6.6+1.21.1.jar"
        ],
        "added": [
            "dopedhorses-fabric-1.2.0-1.21.1.jar",
            "happy_ghast_legacy-1.4-1.21.1-fabric.jar",
            "HorseExpert-v21.1.0-1.21.1-Fabric.jar",
            "mcw-doors-1.1.2-mc1.21.1fabric.jar",
            "mcw-roofs-2.3.1-mc1.21.1fabric.jar",
            "MoreLeads-fabric-1.21-1.2.0.jar",
            "plushies-fabric-1.5.1.jar"
        ]
    },
    "configs": [
        "modpack-update-checker/config.json"
    ]
}