{
    "modpackName": "Mooglian Madness",
    "modpackVersion": "1.3.1",
    "totalNewMods": 0,
    "totalUpdatedMods": 9,
    "totalRemovedMods": 0,
    "totalConfigChanges": 1,
    "mods": {
        "updated": [
            {
                "oldFilename": "armourersworkshop-fabric-1.21.1-3.1.5-beta.jar",
                "newFilename": "armourersworkshop-fabric-1.21.1-3.1.6-beta.jar"
            },
            {
                "oldFilename": "azurelib-fabric-1.21.1-3.0.6.jar",
                "newFilename": "azurelib-fabric-1.21.1-3.0.7.jar"
            },
            {
                "oldFilename": "CreativeCore_FABRIC_v2.12.23_mc1.21.1.jar",
                "newFilename": "CreativeCore_FABRIC_v2.12.32_mc1.21.1.jar"
            },
            {
                "oldFilename": "emi_loot-0.7.4+1.21+fabric.jar",
                "newFilename": "emi_loot-0.7.5+1.21+fabric.jar"
            },
            {
                "oldFilename": "more_rpg_classes-2.1.0-1.21.1.jar",
                "newFilename": "more_rpg_classes-2.1.1-1.21.1.jar"
            },
            {
                "oldFilename": "TechReborn-5.11.13.jar",
                "newFilename": "TechReborn-5.11.14.jar"
            },
            {
                "oldFilename": "TravelersTitles-1.21.1-Fabric-5.1.1.jar",
                "newFilename": "TravelersTitles-1.21.1-Fabric-5.1.2.jar"
            },
            {
                "oldFilename": "waystones-fabric-1.21.1-21.1.9.jar",
                "newFilename": "waystones-fabric-1.21.1-21.1.10.jar"
            },
            {
                "oldFilename": "YungsBetterDesertTemples-1.21.1-Fabric-4.1.2.jar",
                "newFilename": "YungsBetterDesertTemples-1.21.1-Fabric-4.1.3.jar"
            }
        ],
        "removed": [],
        "added": []
    },
    "configs": [
        "modpack-update-checker/config.json"
    ]
}