{
  "modpackName": "Mooglian Madness",
  "modpackVersion": "1.6.0",
  "totalNewMods": 4,
  "totalUpdatedMods": 33,
  "totalRemovedMods": 8,
  "totalConfigChanges": 1,
  "mods": {
    "updated": [
      {
        "oldFilename": "archers-expansion-1.3.2-1.21.1.jar",
        "newFilename": "archers-expansion-1.3.5-1.21.1.jar"
      },
      {
        "oldFilename": "arsenal-1.0.2+1.21.1.jar",
        "newFilename": "arsenal-1.0.4+1.21.1.jar"
      },
      {
        "oldFilename": "artificers-1.8.4.jar",
        "newFilename": "artificers-1.9.2.jar"
      },
      {
        "oldFilename": "azurelib-fabric-1.21.1-3.0.13.jar",
        "newFilename": "azurelib-fabric-1.21.1-3.0.17.jar"
      },
      {
        "oldFilename": "azurelibarmor-fabric-1.21.1-3.0.6.jar",
        "newFilename": "azurelibarmor-fabric-1.21.1-3.0.10.jar"
      },
      {
        "oldFilename": "balm-fabric-1.21.1-21.0.41.jar",
        "newFilename": "balm-fabric-1.21.1-21.0.44.jar"
      },
      {
        "oldFilename": "berserker-class-mod-2.4.3-1.21.jar",
        "newFilename": "berserker-class-mod-2.4.4-1.21.jar"
      },
      {
        "oldFilename": "bettercombat-fabric-2.1.6+1.21.1.jar",
        "newFilename": "bettercombat-fabric-2.2.2+1.21.1.jar"
      },
      {
        "oldFilename": "bookshelf-fabric-1.21.1-21.1.59.jar",
        "newFilename": "bookshelf-fabric-1.21.1-21.1.62.jar"
      },
      {
        "oldFilename": "c2me-fabric-mc1.21.1-0.3.0+alpha.0.319.jar",
        "newFilename": "c2me-fabric-mc1.21.1-0.3.0+alpha.0.320.jar"
      },
      {
        "oldFilename": "connectiblechains-2.5.2+1.21.1.jar",
        "newFilename": "connectiblechains-2.5.3+1.21.1.jar"
      },
      {
        "oldFilename": "DoggyTalentsNext[Fabric]-1.21.1-1.18.49.jar",
        "newFilename": "DoggyTalentsNext[Fabric]-1.21.1-1.18.50.jar"
      },
      {
        "oldFilename": "dynamic-fps-3.9.3+minecraft-1.21.0-fabric.jar",
        "newFilename": "dynamic-fps-3.9.4+minecraft-1.21.0-fabric.jar"
      },
      {
        "oldFilename": "extraspellattributes-1.3.3+1.21.1.jar",
        "newFilename": "extraspellattributes-1.3.4+1.21.1.jar"
      },
      {
        "oldFilename": "fabric-api-0.115.6+1.21.1.jar",
        "newFilename": "fabric-api-0.116.0+1.21.1.jar"
      },
      {
        "oldFilename": "fabric-language-kotlin-1.13.2+kotlin.2.1.20.jar",
        "newFilename": "fabric-language-kotlin-1.13.3+kotlin.2.1.21.jar"
      },
      {
        "oldFilename": "FarmersDelight-1.21.1-3.0.3+refabricated.jar",
        "newFilename": "FarmersDelight-1.21.1-3.0.4+refabricated.jar"
      },
      {
        "oldFilename": "forcemaster-class-mod-2.4.3-1.21.jar",
        "newFilename": "forcemaster-class-mod-2.4.4-1.21.jar"
      },
      {
        "oldFilename": "happy_ghast_legacy-1.4-1.21.1-fabric.jar",
        "newFilename": "happy_ghast_legacy-1.5-1.21.1-fabric.jar"
      },
      {
        "oldFilename": "mcw-lights-1.1.1-mc1.21.1fabric.jar",
        "newFilename": "mcw-lights-1.1.2-mc1.21.1fabric.jar"
      },
      {
        "oldFilename": "monolib-fabric-1.21.1-2.0.0.jar",
        "newFilename": "monolib-fabric-1.21.1-2.1.0.jar"
      },
      {
        "oldFilename": "more_rpg_classes-2.2.1-1.21.1.jar",
        "newFilename": "more_rpg_classes-2.2.2-1.21.1.jar"
      },
      {
        "oldFilename": "mru-1.0.16+1.21.1+fabric.jar",
        "newFilename": "mru-1.0.17+1.21.1+fabric.jar"
      },
      {
        "oldFilename": "oof_button-fabric-1.21.1-0.9.jar",
        "newFilename": "oof_button-fabric-1.21.1-0.10.jar"
      },
      {
        "oldFilename": "oritech-fabric-0.15.2.jar",
        "newFilename": "oritech-fabric-0.15.5.jar"
      },
      {
        "oldFilename": "polytone-1.21-3.3.4-fabric.jar",
        "newFilename": "polytone-1.21-3.3.9-fabric.jar"
      },
      {
        "oldFilename": "ranged_weapon_api-2.1.0+1.21.1.jar",
        "newFilename": "ranged_weapon_api-2.1.1+1.21.1.jar"
      },
      {
        "oldFilename": "relics-1.0.4+1.21.1.jar",
        "newFilename": "relics-1.0.5+1.21.1.jar"
      },
      {
        "oldFilename": "spell_engine-1.6.9+1.21.1.jar",
        "newFilename": "spell_engine-1.6.10+1.21.1.jar"
      },
      {
        "oldFilename": "TechReborn-5.11.17.jar",
        "newFilename": "TechReborn-5.11.18.jar"
      },
      {
        "oldFilename": "waystones-fabric-1.21.1-21.1.17.jar",
        "newFilename": "waystones-fabric-1.21.1-21.1.18.jar"
      },
      {
        "oldFilename": "wizards-2.4.9+1.21.1.jar",
        "newFilename": "wizards-2.4.10+1.21.1.jar"
      },
      {
        "oldFilename": "Xaeros_Minimap_25.2.0_Fabric_1.21.jar",
        "newFilename": "Xaeros_Minimap_25.2.6_Fabric_1.21.jar"
      }
    ],
    "removed": [
      "emotecraft-for-MC1.21.1-2.4.10-fabric.jar",
      "fishing-frontier-2.3.jar",
      "MoreBeautifulButtons-fabric-1.21.1-1.8.0.jar",
      "more_bows_and_arrows-merged-1.21.1-4.0.0.jar",
      "villagernames-1.21.1-8.2.jar",
      "waterframes-FABRIC-mc1.21.1-v2.1.12a-fixed.jar",
      "watermedia-2.1.24.jar",
      "CreativeCore_FABRIC_v2.13.1_mc1.21.1.jar"
    ],
    "added": [
      "cyclepaintings-1.21.1-4.1.jar",
      "mcw-bridges-3.1.0-mc1.21.1fabric.jar",
      "mcw-holidays-1.1.0-mc1.21.1fabric.jar",
      "mcw-paths-1.1.0fabric-mc1.21.1.jar"
    ]
  },
  "configs": [
    "modpack-update-checker/config.json"
  ]
}