{
    "modpackName": "Mooglian Madness",
    "modpackVersion": "1.5.3",
    "totalNewMods": 0,
    "totalUpdatedMods": 9,
    "totalRemovedMods": 0,
    "totalConfigChanges": 1,
    "mods": {
        "updated": [
            {
                "oldFilename": "accessories_tclayer-3.10.0-beta.25+1.21.1.jar",
                "newFilename": "accessories_tclayer-3.10.0-beta.26+1.21.1.jar"
            },
            {
                "oldFilename": "Adorn-6.0.0+1.21.1-fabric.jar",
                "newFilename": "Adorn-6.0.1+1.21.1-fabric.jar"
            },
            {
                "oldFilename": "archers-2.4.2+1.21.1.jar",
                "newFilename": "archers-2.4.4+1.21.1.jar"
            },
            {
                "oldFilename": "DoggyTalentsNext[Fabric]-1.21.1-1.18.45.jar",
                "newFilename": "DoggyTalentsNext[Fabric]-1.21.1-1.18.46.jar"
            },
            {
                "oldFilename": "paladins-2.4.5+1.21.1.jar",
                "newFilename": "paladins-2.4.6+1.21.1.jar"
            },
            {
                "oldFilename": "rogues-2.4.3+1.21.1.jar",
                "newFilename": "rogues-2.4.4+1.21.1.jar"
            },
            {
                "oldFilename": "sound-physics-remastered-fabric-1.21.1-1.4.10.jar",
                "newFilename": "sound-physics-remastered-fabric-1.21.1-1.4.12.jar"
            },
            {
                "oldFilename": "spell_engine-1.6.4+1.21.1.jar",
                "newFilename": "spell_engine-1.6.5+1.21.1.jar"
            },
            {
                "oldFilename": "wizards-2.4.2+1.21.1.jar",
                "newFilename": "wizards-2.4.3+1.21.1.jar"
            }
        ],
        "removed": [
        ],
        "added": [
        ]
    },
    "configs": [
        "modpack-update-checker/config.json"
    ]
}