{
    "modpackName": "Mooglian Madness",
    "modpackVersion": "1.2.0",
    "totalNewMods": 2,
    "totalUpdatedMods": 47,
    "totalRemovedMods": 1,
    "totalConfigChanges": 1,
    "mods": {
        "updated": [
            {
                "oldFilename": "modpack-update-checker-1.21.1-fabric-0.15.3.jar",
                "newFilename": "modpack-update-checker-1.21.1-fabric-0.15.4.jar"
            },
            {
                "oldFilename": "accessories-fabric-1.1.0-beta.19+1.21.1.jar",
                "newFilename": "accessories-fabric-1.1.0-beta.24+1.21.1.jar"
            },
            {
                "oldFilename": "archers-2.2.0+1.21.1.jar",
                "newFilename": "archers-2.3.0+1.21.1.jar"
            },
            {
                "oldFilename": "archers-expansion-1.1.0-1.21.1.jar",
                "newFilename": "archers-expansion-1.2.1-1.21.1.jar"
            },
            {
                "oldFilename": "azurelibarmor-fabric-1.21.1-2.3.15.jar",
                "newFilename": "azurelibarmor-fabric-1.21.1-3.0.2.jar"
            },
            {
                "oldFilename": "balm-fabric-1.21.1-21.0.22.jar",
                "newFilename": "balm-fabric-1.21.1-21.0.23.jar"
            },
            {
                "oldFilename": "bettercombat-fabric-2.0.4+1.21.1.jar",
                "newFilename": "bettercombat-fabric-2.1.3+1.21.1.jar"
            },
            {
                "oldFilename": "bookshelf-fabric-1.21.1-21.1.28.jar",
                "newFilename": "bookshelf-fabric-1.21.1-21.1.45.jar"
            },
            {
                "oldFilename": "Camerapture-1.7.1+mc1.21.1-fabric.jar",
                "newFilename": "Camerapture-1.9.0+mc1.21.1-fabric.jar"
            },
            {
                "oldFilename": "cc-tweaked-1.21.1-fabric-1.114.2.jar",
                "newFilename": "cc-tweaked-1.21.1-fabric-1.114.3.jar"
            },
            {
                "oldFilename": "c2me-fabric-mc1.21.1-0.3.0+alpha.0.310.jar",
                "newFilename": "c2me-fabric-mc1.21.1-0.3.0+alpha.0.314.jar"
            },
            {
                "oldFilename": "emi-1.1.18+1.21.1+fabric.jar",
                "newFilename": "emi-1.1.19+1.21.1+fabric.jar"
            },
            {
                "oldFilename": "fabric-api-0.114.0+1.21.1.jar",
                "newFilename": "fabric-api-0.115.0+1.21.1.jar"
            },
            {
                "oldFilename": "fabric-language-kotlin-1.13.0+kotlin.2.1.0.jar",
                "newFilename": "fabric-language-kotlin-1.13.1+kotlin.2.1.10.jar"
            },
            {
                "oldFilename": "fzzy_config-0.5.9+1.21.jar",
                "newFilename": "fzzy_config-0.6.3+1.21.jar"
            },
            {
                "oldFilename": "gazebo-2.0.0+1.21.1.jar",
                "newFilename": "gazebo-2.0.3+1.21.1.jar"
            },
            {
                "oldFilename": "Iceberg-1.21-fabric-1.2.7.jar",
                "newFilename": "Iceberg-1.21-fabric-1.2.9.2.jar"
            },
            {
                "oldFilename": "ImmediatelyFast-Fabric-1.3.3+1.21.1.jar",
                "newFilename": "ImmediatelyFast-Fabric-1.3.4+1.21.1.jar"
            },
            {
                "oldFilename": "jewelry-2.0.2+1.21.1.jar",
                "newFilename": "jewelry-2.0.5+1.21.1.jar"
            },
            {
                "oldFilename": "jeed-1.21-2.2.9-fabric.jar",
                "newFilename": "jeed-1.21-2.2.12-fabric.jar"
            },
            {
                "oldFilename": "libIPN-fabric-1.21-6.2.0.jar",
                "newFilename": "libIPN-fabric-1.21-6.2.1.jar"
            },
            {
                "oldFilename": "lithium-fabric-0.14.3-snapshot+mc1.21.1-build.92.jar",
                "newFilename": "lithium-fabric-0.14.7+mc1.21.1.jar"
            },
            {
                "oldFilename": "moonlight-1.21-2.17.12-fabric.jar",
                "newFilename": "moonlight-1.21-2.17.20-fabric.jar"
            },
            {
                "oldFilename": "more_rpg_classes-2.0.14-1.21.1.jar",
                "newFilename": "more_rpg_classes-2.1.0-1.21.1.jar"
            },
            {
                "oldFilename": "optigui-2.3.0-beta.6+1.21.jar",
                "newFilename": "optigui-3.0.0-alpha.3+1.21.jar"
            },
            {
                "oldFilename": "paladins-2.2.0+1.21.1.jar",
                "newFilename": "paladins-2.3.1+1.21.1.jar"
            },
            {
                "oldFilename": "placeholder-api-2.4.1+1.21.jar",
                "newFilename": "placeholder-api-2.4.2+1.21.jar"
            },
            {
                "oldFilename": "polytone-1.21-3.1.3-fabric.jar",
                "newFilename": "polytone-1.21-3.2.6-fabric.jar"
            },
            {
                "oldFilename": "PuzzlesLib-v21.1.24-1.21.1-Fabric.jar",
                "newFilename": "PuzzlesLib-v21.1.27-1.21.1-Fabric.jar"
            },
            {
                "oldFilename": "ranged_weapon_api-2.0.4+1.21.1.jar",
                "newFilename": "ranged_weapon_api-2.0.5+1.21.1.jar"
            },
            {
                "oldFilename": "reeses-sodium-options-fabric-1.8.0+mc1.21.3.jar",
                "newFilename": "reeses-sodium-options-fabric-1.8.3+mc1.21.4.jar"
            },
            {
                "oldFilename": "rogues-2.2.0+1.21.1.jar",
                "newFilename": "rogues-2.3.0+1.21.1.jar"
            },
            {
                "oldFilename": "sodiumoptionsapi-fabric-1.0.8-1.21.1.jar",
                "newFilename": "sodiumoptionsapi-fabric-1.0.10-1.21.1.jar"
            },
            {
                "oldFilename": "spell_engine-1.2.0+1.21.1.jar",
                "newFilename": "spell_engine-1.4.4+1.21.1.jar"
            },
            {
                "oldFilename": "spell_power-1.0.7+1.21.1.jar",
                "newFilename": "spell_power-1.1.2+1.21.1.jar"
            },
            {
                "oldFilename": "supplementaries-1.21-3.0.30-beta-fabric.jar",
                "newFilename": "supplementaries-1.21-3.0.33-beta-fabric.jar"
            },
            {
                "oldFilename": "aether-1.21.1-1.5.2-fabric.jar",
                "newFilename": "aether-1.21.1-1.5.3-fabric.jar"
            },
            {
                "oldFilename": "toms_storage_fabric-1.21-2.0.12.jar",
                "newFilename": "toms_storage_fabric-1.21-2.1.1.jar"
            },
            {
                "oldFilename": "travelersbackpack-fabric-1.21.1-10.1.6.jar",
                "newFilename": "travelersbackpack-fabric-1.21.1-10.1.9.jar"
            },
            {
                "oldFilename": "waveycapes-fabric-1.4.13-mc1.21.jar",
                "newFilename": "waveycapes-fabric-1.5.1-mc1.21.jar"
            },
            {
                "oldFilename": "wizards-2.2.0+1.21.1.jar",
                "newFilename": "wizards-2.3.3+1.21.1.jar"
            },
            {
                "oldFilename": "Xaeros_Minimap_24.7.1_Fabric_1.21.jar",
                "newFilename": "Xaeros_Minimap_25.0.0_Fabric_1.21.jar"
            },
            {
                "oldFilename": "ftb-library-fabric-2101.1.6.jar",
                "newFilename": "ftb-library-fabric-2101.1.7.jar"
            },
            {
                "oldFilename": "ftb-quests-fabric-2101.1.1.jar",
                "newFilename": "ftb-quests-fabric-2101.1.4.jar"
            },
            {
                "oldFilename": "ftb-teams-fabric-2101.1.1.jar",
                "newFilename": "ftb-teams-fabric-2101.1.2.jar"
            },
            {
                "oldFilename": "MinecraftCapes Fabric 1.21.1-12.3.9.jar",
                "newFilename": "MinecraftCapes Fabric 1.21.1-12.4.0.jar"
            },
            {
                "oldFilename": "MRU-1.0.4+1.21+fabric.jar",
                "newFilename": "MRU-1.0.7+1.21+fabric.jar"
            }
        ],
        "removed": [
            "villagerquests-1.1.3.jar"
        ],
        "added": [
            "do_a_barrel_roll-fabric-3.7.2+1.21.jar",
            "emi_ores-1.2+1.21.1+fabric.jar"
        ]
    },
    "configs": [
        "modpack-update-checker/config.json"
    ]
}