{
    "modpackName": "Mooglian Madness",
    "modpackVersion": "1.5.5",
    "totalNewMods": 15,
    "totalUpdatedMods": 2,
    "totalRemovedMods": 0,
    "totalConfigChanges": 1,
    "mods": {
        "updated": [
            {
                "oldFilename": "armourersworkshop-fabric-1.21.1-3.2.0-beta.jar",
                "newFilename": "armourersworkshop-fabric-1.21.1-3.2.0-beta-fixed.jar"
            },
            {
                "oldFilename": "travelersbackpack-fabric-1.21.1-10.1.18.jar",
                "newFilename": "travelersbackpack-fabric-1.21.1-10.1.18.jar"
            }
        ],
        "removed": [
        ],
        "added": [
            "berserker-class-mod-2.4.1-1.21.jar",
            "bettervillage-fabric-1.21.1-3.3.0.jar",
            "Chimes-v2.0.3-1.21.1-Fabric.jar",
            "coroutil-fabric-1.21.1-1.3.8.jar",
            "cryingportals-1.21.1-2.8.jar",
            "eating-animation-1.21+1.9.72.jar",
            "forcemaster-class-mod-2.4.1-1.21.jar",
            "libraryferret-fabric-1.21.1-4.0.0.jar",
            "Luckys-Cozyhome-Refurnished-1.0.6.jar",
            "more_bows_and_arrows-merged-1.21.1-4.0.0.jar",
            "multibeds-fabric-1.21.1-0.1.jar",
            "shetiphiancore-fabric-1.21.1-0.3.jar",
            "sootychimneys-fabric-1.3.2.jar",
            "watut-fabric-1.21.0-1.2.6.jar",
            "monolib-fabric-1.21.1-2.0.0.jar"
        ]
    },
    "configs": [
        "modpack-update-checker/config.json"
    ]
}