{
    "modpackName": "Mooglian Madness",
    "modpackVersion": "1.5.2",
    "totalNewMods": 3,
    "totalUpdatedMods": 10,
    "totalRemovedMods": 3,
    "totalConfigChanges": 1,
    "mods": {
        "updated": [
            {
                "oldFilename": "aether-1.21.1-1.5.7-fabric.jar",
                "newFilename": "aether-1.21.1-1.5.8-fabric.jar"
            },
            {
                "oldFilename": "bookshelf-fabric-1.21.1-21.1.52.jar",
                "newFilename": "bookshelf-fabric-1.21.1-21.1.53.jar"
            },
            {
                "oldFilename": "CreativeCore_FABRIC_v2.12.32_mc1.21.1.jar",
                "newFilename": "CreativeCore_FABRIC_v2.13.1_mc1.21.1.jar"
            },
            {
                "oldFilename": "fishing-frontier-2.2.jar",
                "newFilename": "fishing-frontier-2.3.jar"
            },
            {
                "oldFilename": "moonlight-1.21-2.18.4-fabric.jar",
                "newFilename": "moonlight-1.21-2.18.5-fabric.jar"
            },
            {
                "oldFilename": "MRU-1.0.7+1.21+fabric.jar",
                "newFilename": "mru-1.0.16+1.21.1+fabric.jar"
            },
            {
                "oldFilename": "spell_engine-1.6.3+1.21.1.jar",
                "newFilename": "spell_engine-1.6.4+1.21.1.jar"
            },
            {
                "oldFilename": "supplementaries-1.21-3.1.3-fabric.jar",
                "newFilename": "supplementaries-1.21-3.1.4-fabric.jar"
            },
            {
                "oldFilename": "waterframes-FABRIC-mc1.21.1-v2.1.7-fixed.jar",
                "newFilename": "waterframes-FABRIC-mc1.21.1-v2.1.12a-fixed.jar"
            },
            {
                "oldFilename": "watermedia-2.1.16.jar",
                "newFilename": "watermedia-2.1.23.jar"
            }
        ],
        "removed": [
            "libIPN-fabric-1.21-6.4.0.jar",
            "libz-1.0.3.jar",
            "EmiTechReborn-1.0.1.jar"
        ],
        "added": [
            "oritech-fabric-0.14.5.jar",
            "geckolib-fabric-1.21.1-4.7.5.1.jar",
            "extra-mod-integrations-all-fabric-1.0.2+1.21.1.jar"
        ]
    },
    "configs": [
        "modpack-update-checker/config.json"
    ]
}