{
    "modpackName": "Mooglian Madness",
    "modpackVersion": "1.1.0",
    "totalNewMods": 1,
    "totalUpdatedMods": 0,
    "totalRemovedMods": 0,
    "totalConfigChanges": 4,
    "mods": {
        "updated": [],
        "removed": [],
        "added": [
            "modpack-update-checker-1.21.1-fabric-0.15.3.jar"
        ]
    },
    "configs": [
        "modpack-update-checker/config.json",
        "modpack-update-checker/modpack-info.txt",
        "aether-client.toml",
        "aether-common.toml"
    ]
}