{
    "modpackName": "Mooglian Madness",
    "modpackVersion": "1.3.0",
    "totalNewMods": 28,
    "totalUpdatedMods": 16,
    "totalRemovedMods": 0,
    "totalConfigChanges": 1,
    "mods": {
        "updated": [
            {
                "oldFilename": "accessories-fabric-1.1.0-beta.24+1.21.1.jar",
                "newFilename": "accessories-fabric-1.1.0-beta.26+1.21.1.jar"
            },
            {
                "oldFilename": "azurelibarmor-fabric-1.21.1-3.0.2.jar",
                "newFilename": "azurelibarmor-fabric-1.21.1-3.0.3.jar"
            },
            {
                "oldFilename": "bookshelf-fabric-1.21.1-21.1.45.jar",
                "newFilename": "bookshelf-fabric-1.21.1-21.1.48.jar"
            },
            {
                "oldFilename": "cc-tweaked-1.21.1-fabric-1.114.3.jar",
                "newFilename": "cc-tweaked-1.21.1-fabric-1.114.4.jar"
            },
            {
                "oldFilename": "ftb-library-fabric-2101.1.7.jar",
                "newFilename": "ftb-library-fabric-2101.1.8.jar"
            },
            {
                "oldFilename": "fzzy_config-0.6.3+1.21.jar",
                "newFilename": "fzzy_config-0.6.4+1.21.jar"
            },
            {
                "oldFilename": "hardcorerevival-fabric-1.21.1-21.1.5.jar",
                "newFilename": "hardcorerevival-fabric-1.21.1-21.1.6.jar"
            },
            {
                "oldFilename": "Jade-1.21.1-Fabric-15.9.2.jar",
                "newFilename": "Jade-1.21.1-Fabric-15.9.3.jar"
            },
            {
                "oldFilename": "jeed-1.21-2.2.12-fabric.jar",
                "newFilename": "jeed-1.21-2.2.13-fabric.jar"
            },
            {
                "oldFilename": "moonlight-1.21-2.17.20-fabric.jar",
                "newFilename": "moonlight-1.21-2.17.21-fabric.jar"
            },
            {
                "oldFilename": "resourcefulconfig-fabric-1.21-3.0.8.jar",
                "newFilename": "resourcefulconfig-fabric-1.21-3.0.9.jar"
            },
            {
                "oldFilename": "spell_engine-1.4.4+1.21.1.jar",
                "newFilename": "spell_engine-1.4.5+1.21.1.jar"
            },
            {
                "oldFilename": "toms_storage_fabric-1.21-2.1.1.jar",
                "newFilename": "toms_storage_fabric-1.21-2.1.2.jar"
            },
            {
                "oldFilename": "travelersbackpack-fabric-1.21.1-10.1.9.jar",
                "newFilename": "travelersbackpack-fabric-1.21.1-10.1.11.jar"
            },
            {
                "oldFilename": "villagerinabucket-fabric-1.21.1-1.0.1.jar",
                "newFilename": "villagerinabucket-fabric-1.21.1-1.1.0.jar"
            },
            {
                "oldFilename": "waystones-fabric-1.21.1-21.1.5.jar",
                "newFilename": "waystones-fabric-1.21.1-21.1.9.jar"
            }
        ],
        "removed": [],
        "added": [
            "armourersworkshop-fabric-1.21.1-3.1.5-beta.jar",
            "bards-0.1.1-1.21.1.jar",
            "blood_mages-0.0.8-1.21.1.jar",
            "CreativeCore_FABRIC_v2.12.23_mc1.21.1.jar",
            "dragonscale-0.0.2-1.21.1.jar",
            "dragonsteel-0.0.3-1.21.1.jar",
            "druid-0.0.8-1.21.1.jar",
            "emotecraft-for-MC1.21.1-2.4.8-fabric.jar",
            "fpapmod-2.2.5-1.21.1.jar",
            "more_jewels-0.0.2-1.21.1.jar",
            "spellbladenext-1.0.23.0+1.21.1.jar",
            "tctimod-0.0.8-1.21.1.jar",
            "tdacmod-0.0.2-1.21.1.jar",
            "waterframes-FABRIC-mc1.21.1-v2.1.7.jar",
            "watermedia-2.1.16.jar",
            "YungsApi-1.21.1-Fabric-5.1.3.jar",
            "YungsBetterDesertTemples-1.21.1-Fabric-4.1.2.jar",
            "YungsBetterDungeons-1.21.1-Fabric-5.1.4.jar",
            "YungsBetterJungleTemples-1.21.1-Fabric-3.1.2.jar",
            "YungsBetterMineshafts-1.21.1-Fabric-5.1.1.jar",
            "YungsBetterNetherFortresses-1.21.1-Fabric-3.1.3.jar",
            "YungsBetterOceanMonuments-1.21.1-Fabric-4.1.2.jar",
            "YungsBetterWitchHuts-1.21.1-Fabric-4.1.1.jar",
            "YungsExtras-1.21.1-Fabric-5.1.1.jar",
            "azurelib-fabric-1.21.1-3.0.6.jar",
            "morerunesmod-0.0.2-1.21.1.jar",
            "more_spell_attributes-0.0.7-1.21.1.jar",
            "extraspellattributes-1.0.7+1.21.1.jar"
        ]
    },
    "configs": [
        "modpack-update-checker/config.json"
    ]
}