{
    "modpackName": "Mooglian Madness",
    "modpackVersion": "1.5.4",
    "totalNewMods": 9,
    "totalUpdatedMods": 8,
    "totalRemovedMods": 0,
    "totalConfigChanges": 1,
    "mods": {
        "updated": [
            {
                "oldFilename": "accessories_tclayer-3.10.0-beta.26+1.21.1.jar",
                "newFilename": "accessories_tclayer-3.10.0-beta.27+1.21.1.jar"
            },
            {
                "oldFilename": "bookshelf-fabric-1.21.1-21.1.52.jar",
                "newFilename": "bookshelf-fabric-1.21.1-21.1.53.jar"
            },
            {
                "oldFilename": "cicada-lib-0.11.9+1.21-1.21.1.jar",
                "newFilename": "cicada-lib-0.12.0+1.21-1.21.1.jar"
            },
            {
                "oldFilename": "fzzy_config-0.6.8+1.21.jar",
                "newFilename": "fzzy_config-0.6.9+1.21.jar"
            },
            {
                "oldFilename": "paladins-2.4.6+1.21.1.jar",
                "newFilename": "paladins-2.4.8+1.21.1.jar"
            },
            {
                "oldFilename": "rogues-2.4.4+1.21.1.jar",
                "newFilename": "rogues-2.4.6+1.21.1.jar"
            },
            {
                "oldFilename": "spell_engine-1.6.5+1.21.1.jar",
                "newFilename": "spell_engine-1.6.6+1.21.1.jar"
            },
            {
                "oldFilename": "wizards-2.4.3+1.21.1.jar",
                "newFilename": "wizards-2.4.5+1.21.1.jar"
            }
        ],
        "removed": [
        ],
        "added": [
            "maxhealthfix-fabric-1.21.1-21.1.4.jar",
            "combat_roll-fabric-2.0.2+1.21.1.jar",
            "connectiblechains-2.5.2+1.21.1.jar",
            "mcw-fences-1.2.0-1.21.1fabric.jar",
            "beautify-1.3.0+1.21.1.jar",
            "mcw-windows-2.3.0-mc1.21.1fabric.jar",
            "cat_jam-fabric-mc1.21-1.3.1.jar",
            "mcw-lights-1.1.1-mc1.21.1fabric.jar",
            "mcw-paintings-1.0.5-1.21.1fabric.jar"
        ]
    },
    "configs": [
        "modpack-update-checker/config.json"
    ]
}